id_joueur,nom_joueur,position,nationalite,id_equipe
1,Mohamed Salah,FW,eg EGY,30
2,Virgil van Dijk,DF,nl NED,30
3,Ryan Gravenberch,MF,nl NED,30
4,Alexis Mac Allister,MF,ar ARG,30
5,Ibrahima Konaté,DF,fr FRA,30
6,Dominik Szoboszlai,MF,hu HUN,30
7,Andrew Robertson,DF,sct SCO,30
8,Alisson,GK,br BRA,30
9,Luis Díaz,FW,co COL,30
10,Trent Alexander-Arnold,DF,eng ENG,30
11,Cody Gakpo,FW,nl NED,30
12,Curtis Jones,"MF,DF",eng ENG,30
13,Diogo Jota,FW,pt POR,30
14,Caoimhín Kelleher,GK,ie IRL,30
15,Kostas Tsimikas,DF,gr GRE,30
16,Darwin Núñez,FW,uy URU,30
17,Conor Bradley,DF,nir NIR,30
18,Joe Gomez,DF,eng ENG,30
19,Jarell Quansah,DF,eng ENG,30
20,Harvey Elliott,MF,eng ENG,30
21,Wataru Endo,"MF,DF",jp JPN,30
22,Federico Chiesa,FW,it ITA,30
23,Vitezslav Jaros,GK,cz CZE,30
24,Jayden Danns,MF,eng ENG,30
25,Harvey Davies,GK,eng ENG,30
26,James McConnell,MF,eng ENG,30
27,Tyler Morton,MF,eng ENG,30
28,Amara Nallo,DF,eng ENG,30
29,Trey Nyoni,MF,eng ENG,30
30,David Raya,GK,es ESP,3
31,William Saliba,DF,fr FRA,3
32,Declan Rice,MF,eng ENG,3
33,Thomas Partey,"MF,DF",gh GHA,3
34,Leandro Trossard,FW,be BEL,3
35,Gabriel Magalhães,DF,br BRA,3
36,Jurriën Timber,DF,nl NED,3
37,Martin Ødegaard,MF,no NOR,3
38,Gabriel Martinelli,"FW,MF",br BRA,3
39,Kai Havertz,"FW,MF",de GER,3
40,Bukayo Saka,"FW,MF",eng ENG,3
41,Mikel Merino,"MF,FW",es ESP,3
42,Myles Lewis-Skelly,DF,eng ENG,3
43,Ben White,DF,eng ENG,3
44,Riccardo Calafiori,DF,it ITA,3
45,Ethan Nwaneri,"FW,MF",eng ENG,3
46,Jakub Kiwior,DF,pl POL,3
47,Jorginho,MF,it ITA,3
48,Raheem Sterling,"FW,MF",eng ENG,3
49,Gabriel Jesus,FW,br BRA,3
50,Oleksandr Zinchenko,"DF,MF",ua UKR,3
51,Kieran Tierney,"DF,FW",sct SCO,3
52,Nathan Butler-Oyedeji,FW,eng ENG,3
53,Takehiro Tomiyasu,DF,jp JPN,3
54,Reiss Nelson,FW,eng ENG,3
55,Brayden Clarke,DF,wls WAL,3
56,Jimi Gower,MF,eng ENG,3
57,Ayden Heaven,DF,eng ENG,3
58,Jack Henry-Francis,MF,ie IRL,3
59,Ismeal Kabia,MF,eng ENG,3
60,Maldini Kacurri,DF,al ALB,3
61,Neto,GK,br BRA,3
62,Josh Nichols,DF,eng ENG,3
63,Eddie Nketiah,FW,eng ENG,3
64,Salah Oulad M'Hand,MF,nl NED,3
65,Jack Porter,GK,eng ENG,3
66,Aaron Ramsdale,GK,eng ENG,3
67,Tommy Setford,GK,eng ENG,3
68,Joško Gvardiol,DF,hr CRO,32
69,Erling Haaland,FW,no NOR,32
70,Bernardo Silva,"MF,FW",pt POR,32
71,Ederson,GK,br BRA,32
72,Rúben Dias,DF,pt POR,32
73,İlkay Gündoğan,MF,de GER,32
74,Mateo Kovačić,MF,hr CRO,32
75,Manuel Akanji,DF,ch SUI,32
76,Rico Lewis,"DF,MF",eng ENG,32
77,Sávio,"FW,MF",br BRA,32
78,Phil Foden,"MF,FW",eng ENG,32
79,Kevin De Bruyne,"MF,FW",be BEL,32
80,Matheus Nunes,"DF,MF",pt POR,32
81,Jeremy Doku,"FW,MF",be BEL,32
82,Omar Marmoush,"FW,MF",eg EGY,32
83,Stefan Ortega,GK,de GER,32
84,Kyle Walker,DF,eng ENG,32
85,Nicolás González,MF,es ESP,32
86,Nathan Aké,DF,nl NED,32
87,Jack Grealish,"FW,MF",eng ENG,32
88,John Stones,"DF,MF",eng ENG,32
89,Nico O’Reilly,DF,eng ENG,32
90,Abdukodir Khusanov,DF,uz UZB,32
91,James Mcatee,"MF,FW",eng ENG,32
92,Jahmai Simpson-Pusey,DF,eng ENG,32
93,Rodri,MF,es ESP,32
94,Divin Mubama,FW,eng ENG,32
95,Oscar Bobb,FW,no NOR,32
96,Claudio Echeverri,FW,ar ARG,32
97,Vitor Reis,DF,br BRA,32
98,Max Alleyne,DF,eng ENG,32
99,Thorsten Brits,GK,eng ENG,32
100,Scott Carson,GK,eng ENG,32
101,Issa Kaboré,"DF,MF",bf BFA,32
102,Josh Wilson-Esbrand,DF,eng ENG,32
103,Jacob Wright,MF,eng ENG,32
104,Moisés Caicedo,"MF,DF",ec ECU,18
105,Cole Palmer,"MF,FW",eng ENG,18
106,Levi Colwill,DF,eng ENG,18
107,Marc Cucurella,DF,es ESP,18
108,Enzo Fernández,MF,ar ARG,18
109,Robert Sánchez,GK,es ESP,18
110,Nicolas Jackson,FW,sn SEN,18
111,Noni Madueke,FW,eng ENG,18
112,Pedro Neto,FW,pt POR,18
113,Malo Gusto,DF,fr FRA,18
114,Jadon Sancho,FW,eng ENG,18
115,Tosin Adarabioyo,DF,eng ENG,18
116,Wesley Fofana,DF,fr FRA,18
117,Reece James,"DF,MF",eng ENG,18
118,Trevoh Chalobah,DF,eng ENG,18
119,Roméo Lavia,MF,be BEL,18
120,Christopher Nkunku,FW,fr FRA,18
121,Filip Jørgensen,GK,dk DEN,18
122,Axel Disasi,DF,fr FRA,18
123,João Félix,"FW,MF",pt POR,18
124,Benoît Badiashile,DF,fr FRA,18
125,Kiernan Dewsbury-Hall,"MF,FW",eng ENG,18
126,Joshua Acheampong,DF,eng ENG,18
127,Tyrique George,FW,eng ENG,18
128,Renato Veiga,"DF,MF",pt POR,18
129,Mykhailo Mudryk,FW,ua UKR,18
130,Marc Guiu,FW,es ESP,18
131,Mathis Amougou,MF,fr FRA,18
132,Shumaira Mheuka,MF,eng ENG,18
133,Aaron Anselmino,DF,ar ARG,18
134,Genesis Antwi,MF,se SWE,18
135,Marcus Bettinelli,GK,eng ENG,18
136,Cesare Casadei,MF,it ITA,18
137,Samuel Rak-Sakyi,MF,eng ENG,18
138,Ishé Samuels-Smith,DF,eng ENG,18
139,Bruno Guimarães,MF,br BRA,36
140,Dan Burn,DF,eng ENG,36
141,Alexander Isak,FW,se SWE,36
142,Fabian Schär,DF,ch SUI,36
143,Valentino Livramento,DF,eng ENG,36
144,Jacob Murphy,FW,eng ENG,36
145,Joelinton,"MF,FW",br BRA,36
146,Sandro Tonali,MF,it ITA,36
147,Nick Pope,GK,eng ENG,36
148,Anthony Gordon,"FW,MF",eng ENG,36
149,Lewis Hall,DF,eng ENG,36
150,Harvey Barnes,FW,eng ENG,36
151,Kieran Trippier,DF,eng ENG,36
152,Joe Willock,"MF,FW",eng ENG,36
153,Martin Dúbravka,GK,sk SVK,36
154,Sean Longstaff,MF,eng ENG,36
155,Sven Botman,DF,nl NED,36
156,Lloyd Kelly,DF,eng ENG,36
157,Callum Wilson,FW,eng ENG,36
158,Emil Krafth,DF,se SWE,36
159,Lewis Miley,MF,eng ENG,36
160,Miguel Almirón,FW,py PAR,36
161,William Osula,FW,dk DEN,36
162,Matt Targett,DF,eng ENG,36
163,Jamaal Lascelles,DF,eng ENG,36
164,Alex Murphy,DF,ie IRL,36
165,Sean Neave,FW,eng ENG,36
166,John Ruddy,GK,eng ENG,36
167,Leo Shahar,DF,eng ENG,36
168,Odysseas Vlachodimos,GK,gr GRE,36
169,Emiliano Martínez,GK,ar ARG,4
170,Morgan Rogers,"FW,MF",eng ENG,4
171,Youri Tielemans,MF,be BEL,4
172,Ezri Konsa,DF,eng ENG,4
173,Ollie Watkins,FW,eng ENG,4
174,Lucas Digne,DF,fr FRA,4
175,John McGinn,"MF,FW",sct SCO,4
176,Matty Cash,DF,pl POL,4
177,Pau Torres,DF,es ESP,4
178,Boubacar Kamara,MF,fr FRA,4
179,Amadou Onana,MF,be BEL,4
180,Jacob Ramsey,"FW,MF",eng ENG,4
181,Leon Bailey,"FW,MF",jm JAM,4
182,Tyrone Mings,DF,eng ENG,4
183,Ian Maatsen,DF,nl NED,4
184,Marco Asensio,MF,es ESP,4
185,Diego Carlos,DF,br BRA,4
186,Axel Disasi,DF,fr FRA,4
187,Lamare Bogarde,"DF,MF",nl NED,4
188,Andrés García,"DF,MF",es ESP,4
189,Jáder Durán,FW,co COL,4
190,Marcus Rashford,FW,eng ENG,4
191,Ross Barkley,MF,eng ENG,4
192,Jaden Philogene Bidace,"FW,MF",eng ENG,4
193,Donyell Malen,FW,nl NED,4
194,Robin Olsen,GK,se SWE,4
195,Kosta Nedeljković,DF,rs SRB,4
196,Emi Buendía,"MF,FW",ar ARG,4
197,Benjamin Broggio,FW,eng ENG,4
198,Joe Gauci,GK,au AUS,4
199,Jamaldeen Jimoh,MF,eng ENG,4
200,Sil Swinkels,DF,nl NED,4
201,Kadan Young,MF,eng ENG,4
202,Oliwier Zych,GK,pl POL,4
203,Matz Sels,GK,be BEL,38
204,Nikola Milenković,DF,rs SRB,38
205,Murillo,DF,br BRA,38
206,Ola Aina,DF,ng NGA,38
207,Chris Wood,FW,nz NZL,38
208,Morgan Gibbs-White,MF,eng ENG,38
209,Elliot Anderson,MF,eng ENG,38
210,Anthony Elanga,"FW,MF",se SWE,38
211,Neco Williams,DF,wls WAL,38
212,Callum Hudson-Odoi,"FW,MF",eng ENG,38
213,Nicolás Domínguez,"MF,FW",ar ARG,38
214,Ryan Yates,MF,eng ENG,38
215,Álex Moreno,"DF,MF",es ESP,38
216,Ibrahim Sangaré,MF,ci CIV,38
217,Morato,DF,br BRA,38
218,Jota Silva,"FW,MF",pt POR,38
219,James Ward-Prowse,MF,eng ENG,38
220,Danilo,"MF,FW",br BRA,38
221,Taiwo Awoniyi,FW,ng NGA,38
222,Ramón Sosa,"FW,MF",py PAR,38
223,Willy Boly,DF,ci CIV,38
224,Harry Toffolo,DF,eng ENG,38
225,Eric da Silva Moreira,"MF,DF",de GER,38
226,Zach Abbott,DF,eng ENG,38
227,Wayne Hennessey,GK,wls WAL,38
228,Carlos Miguel,GK,br BRA,38
229,Andrew Omobamidele,DF,ie IRL,38
230,Bart Verbruggen,GK,nl NED,12
231,Jan Paul van Hecke,DF,nl NED,12
232,Carlos Baleba,MF,cm CMR,12
233,Kaoru Mitoma,"FW,MF",jp JPN,12
234,Pervis Estupiñán,DF,ec ECU,12
235,Danny Welbeck,FW,eng ENG,12
236,Lewis Dunk,DF,eng ENG,12
237,João Pedro,"FW,MF",br BRA,12
238,Yasin Ayari,MF,se SWE,12
239,Jack Hinshelwood,"MF,DF",eng ENG,12
240,Yankuba Minteh,"FW,MF",gm GAM,12
241,Joël Veltman,DF,nl NED,12
242,Georginio Rutter,"MF,FW",fr FRA,12
243,Simon Adingra,"FW,MF",ci CIV,12
244,Matt O'Riley,MF,dk DEN,12
245,Adam Webster,DF,eng ENG,12
246,Mats Wieffer,"DF,MF",nl NED,12
247,Igor,DF,br BRA,12
248,Tariq Lamptey,DF,gh GHA,12
249,Brajan Gruda,"MF,FW",de GER,12
250,Ferdi Kadioglu,"DF,MF",tr TUR,12
251,Diego Gómez,MF,py PAR,12
252,James Milner,MF,eng ENG,12
253,Julio Enciso,"MF,FW",py PAR,12
254,Evan Ferguson,FW,ie IRL,12
255,Jason Steele,GK,eng ENG,12
256,Solly March,"FW,MF",eng ENG,12
257,Billy Gilmour,MF,sct SCO,12
258,Eiran Cashin,DF,ie IRL,12
259,Jakub Moder,MF,pl POL,12
260,Jeremy Sarmiento,MF,ec ECU,12
261,Harry Howell,FW,eng ENG,12
262,Valentín Barco,"DF,MF",ar ARG,12
263,Killian Cahill,GK,ie IRL,12
264,Joe Knight,MF,eng ENG,12
265,Ruairi Mcconville,DF,nir NIR,12
266,Mark O'Mahony,FW,ie IRL,12
267,Carl Rushworth,GK,eng ENG,12
268,Imari Samuels,DF,eng ENG,12
269,Freddie Simmonds,DF,eng ENG,12
270,Jacob Slater,DF,ie IRL,12
271,Charlie Tasker,DF,eng ENG,12
272,Milos Kerkez,DF,hu HUN,10
273,Antoine Semenyo,FW,gh GHA,10
274,Illia Zabarnyi,DF,ua UKR,10
275,Lewis Cook,"MF,DF",eng ENG,10
276,Kepa Arrizabalaga,GK,es ESP,10
277,Justin Kluivert,MF,nl NED,10
278,Evanilson,FW,br BRA,10
279,Ryan Christie,MF,sct SCO,10
280,Dean Huijsen,DF,es ESP,10
281,Dango Ouattara,FW,bf BFA,10
282,Tyler Adams,MF,us USA,10
283,Marcus Tavernier,"FW,MF",eng ENG,10
284,Adam Smith,DF,eng ENG,10
285,Marcos Senesi,DF,ar ARG,10
286,David Brooks,"FW,MF",wls WAL,10
287,Alex Scott,MF,eng ENG,10
288,Julian Araujo,DF,mx MEX,10
289,James Hill,DF,eng ENG,10
290,Mark Travers,GK,ie IRL,10
291,Enes Ünal,"FW,MF",tr TUR,10
292,Neto,GK,br BRA,10
293,Luis Sinisterra,"FW,MF",co COL,10
294,Philip Billing,MF,dk DEN,10
295,Max Aarons,DF,eng ENG,10
296,Daniel Jebbison,FW,ca CAN,10
297,Ben Winterburn,"MF,FW",eng ENG,10
298,Julio Soler,"DF,FW",ar ARG,10
299,Remy Rees-Dottin,FW,eng ENG,10
300,Zain Silcott-Duberry,FW,ms MSR,10
301,Daniel Adu-Adjei,FW,eng ENG,10
302,Matai Akinmboni,DF,us USA,10
303,Jaidon Anthony,"FW,MF",eng ENG,10
304,Will Dennis,GK,eng ENG,10
305,Archie Harris,DF,wls WAL,10
306,Hamed Junior Traorè,"FW,MF",ci CIV,10
307,Callan Mckenna,GK,sct SCO,10
308,Dominic Sadi,MF,eng ENG,10
309,Maxwell Wellings,DF,eng ENG,10
310,Nathan Collins,DF,ie IRL,11
311,Bryan Mbeumo,FW,cm CMR,11
312,Mark Flekken,GK,nl NED,11
313,Keane Lewis-Potter,"DF,FW",eng ENG,11
314,Yoane Wissa,FW,cd COD,11
315,Mikkel Damsgaard,"MF,FW",dk DEN,11
316,Christian Nørgaard,MF,dk DEN,11
317,Sepp van den Berg,DF,nl NED,11
318,Vitaly Janelt,MF,de GER,11
319,Kevin Schade,FW,de GER,11
320,Ethan Pinnock,DF,jm JAM,11
321,Kristoffer Ajer,DF,no NOR,11
322,Yehor Yarmoliuk,MF,ua UKR,11
323,Mads Roerslev,DF,dk DEN,11
324,Mathias Jensen,MF,dk DEN,11
325,Michael Kayode,DF,it ITA,11
326,Fabio Carvalho,"FW,MF",pt POR,11
327,Ben Mee,DF,eng ENG,11
328,Thiago,"FW,MF",br BRA,11
329,Hákon Valdimarsson,GK,is ISL,11
330,Edmond-Paris Maghoma,"MF,FW",eng ENG,11
331,Rico Henry,DF,eng ENG,11
332,Yunus Emre Konak,"FW,MF",tr TUR,11
333,Kim Jisoo,DF,kr KOR,11
334,Frank Onyeka,MF,ng NGA,11
335,Gustavo Nunes,"FW,MF",br BRA,11
336,Jayden Meghoma,DF,eng ENG,11
337,Ryan Trevitt,MF,eng ENG,11
338,Benjamin Arthur,DF,eng ENG,11
339,Julian Eyestone,GK,us USA,11
340,Benjamin Fredrick,DF,ng NGA,11
341,Aaron Hickey,"DF,MF",sct SCO,11
342,Iwan Morgan,FW,wls WAL,11
343,Myles Peart-Harris,MF,eng ENG,11
344,Tony Yogane,MF,eng ENG,11
345,Bernd Leno,GK,de GER,26
346,Antonee Robinson,DF,us USA,26
347,Alex Iwobi,"FW,MF",ng NGA,26
348,Calvin Bassey,DF,ng NGA,26
349,Raúl Jiménez,FW,mx MEX,26
350,Joachim Andersen,DF,dk DEN,26
351,Saša Lukić,MF,rs SRB,26
352,Sander Berge,MF,no NOR,26
353,Emile Smith Rowe,MF,eng ENG,26
354,Andreas Pereira,MF,br BRA,26
355,Kenny Tete,DF,nl NED,26
356,Adama Traoré,"FW,MF",es ESP,26
357,Timothy Castagne,DF,be BEL,26
358,Issa Diop,DF,fr FRA,26
359,Harry Wilson,"FW,MF",wls WAL,26
360,Rodrigo Muniz,FW,br BRA,26
361,Ryan Sessegnon,"FW,DF",eng ENG,26
362,Reiss Nelson,FW,eng ENG,26
363,Jorge Cuenca,DF,es ESP,26
364,Tom Cairney,MF,sct SCO,26
365,Willian,"FW,MF",br BRA,26
366,Joshua King,MF,eng ENG,26
367,Harrison Reed,MF,eng ENG,26
368,Martial Godo,"FW,DF",eng ENG,26
369,Carlos Vinícius,"MF,FW",br BRA,26
370,Jay Stansfield,MF,eng ENG,26
371,Samuel Amissah,DF,eng ENG,26
372,Steven Benda,GK,de GER,26
373,Dean Henderson,GK,eng ENG,22
374,Daniel Muñoz,DF,co COL,22
375,Tyrick Mitchell,DF,eng ENG,22
376,Maxence Lacroix,DF,fr FRA,22
377,Marc Guéhi,DF,eng ENG,22
378,Jean-Philippe Mateta,FW,fr FRA,22
379,Eberechi Eze,"MF,FW",eng ENG,22
380,Ismaila Sarr,MF,sn SEN,22
381,Jefferson Lerma,"MF,DF",co COL,22
382,Will Hughes,MF,eng ENG,22
383,Chris Richards,DF,us USA,22
384,Adam Wharton,MF,eng ENG,22
385,Daichi Kamada,MF,jp JPN,22
386,Trevoh Chalobah,DF,eng ENG,22
387,Eddie Nketiah,"FW,MF",eng ENG,22
388,Nathaniel Clyne,"DF,MF",eng ENG,22
389,Justin Devenny,MF,nir NIR,22
390,Cheick Doucouré,MF,ml MLI,22
391,Ben Chilwell,DF,eng ENG,22
392,Romain Esse,MF,eng ENG,22
393,Odsonne Édouard,"MF,FW",fr FRA,22
394,Joachim Andersen,DF,dk DEN,22
395,Chadi Riad,DF,ma MAR,22
396,Joel Ward,DF,eng ENG,22
397,Jeffrey Schlupp,"MF,DF",gh GHA,22
398,Matheus França,"MF,FW",br BRA,22
399,Jordan Ayew,"FW,MF",gh GHA,22
400,Caleb Kporha,DF,eng ENG,22
401,Asher Agbinone,MF,eng ENG,22
402,Naouirou Ahamada,MF,fr FRA,22
403,Rob Holding,DF,eng ENG,22
404,Sam Johnstone,GK,eng ENG,22
405,Zachariah Marsh,FW,eng ENG,22
406,Remi Matthews,GK,eng ENG,22
407,Kaden Rodney,"DF,MF",eng ENG,22
408,Matt Turner,GK,us USA,22
409,Franco Umeh-Chibueze,MF,ie IRL,22
410,Jordan Pickford,GK,eng ENG,24
411,Vitaliy Mykolenko,DF,ua UKR,24
412,Idrissa Gana Gueye,MF,sn SEN,24
413,James Tarkowski,DF,eng ENG,24
414,Abdoulaye Doucouré,MF,ml MLI,24
415,Iliman Ndiaye,FW,sn SEN,24
416,Jarrad Branthwaite,DF,eng ENG,24
417,Jack Harrison,FW,eng ENG,24
418,Ashley Young,DF,eng ENG,24
419,Dominic Calvert-Lewin,FW,eng ENG,24
420,James Garner,"MF,DF",eng ENG,24
421,Jake O'Brien,DF,ie IRL,24
422,Beto,FW,gw GNB,24
423,Dwight McNeil,"MF,FW",eng ENG,24
424,Jesper Lindstrøm,FW,dk DEN,24
425,Orel Mangala,MF,be BEL,24
426,Michael Keane,DF,eng ENG,24
427,Carlos Alcaraz,"FW,MF",ar ARG,24
428,Tim Iroegbunam,MF,eng ENG,24
429,Armando Broja,FW,al ALB,24
430,Nathan Patterson,DF,sct SCO,24
431,Séamus Coleman,DF,ie IRL,24
432,Roman Dixon,DF,eng ENG,24
433,Harrison Armstrong,MF,eng ENG,24
434,Youssef Chermiti,"FW,MF",pt POR,24
435,Mason Holgate,"FW,DF",jm JAM,24
436,Callum Bates,MF,eng ENG,24
437,Asmir Begović,GK,ba BIH,24
438,Coby Ebere,MF,de GER,24
439,Isaac Heath,MF,eng ENG,24
440,Neal Maupay,"FW,MF",fr FRA,24
441,Jenson Metcalfe,MF,eng ENG,24
442,Martin Sherif,FW,nl NED,24
443,João Virgínia,GK,pt POR,24
444,Reece Welch,DF,eng ENG,24
445,Max Kilman,DF,eng ENG,55
446,Aaron Wan-Bissaka,DF,cd COD,55
447,Jarrod Bowen,"FW,MF",eng ENG,55
448,Mohammed Kudus,"FW,MF",gh GHA,55
449,Tomáš Souček,MF,cz CZE,55
450,Lucas Paquetá,"MF,FW",br BRA,55
451,Emerson Palmieri,DF,it ITA,55
452,Alphonse Areola,GK,fr FRA,55
453,Konstantinos Mavropanos,DF,gr GRE,55
454,Jean-Clair Todibo,DF,fr FRA,55
455,Edson Álvarez,MF,mx MEX,55
456,Guido Rodríguez,MF,ar ARG,55
457,Carlos Soler,"MF,FW",es ESP,55
458,Łukasz Fabiański,GK,pl POL,55
459,James Ward-Prowse,MF,eng ENG,55
460,Vladimír Coufal,DF,cz CZE,55
461,Michail Antonio,FW,jm JAM,55
462,Aaron Cresswell,DF,eng ENG,55
463,Crysencio Summerville,"FW,MF",nl NED,55
464,Oliver Scarles,"DF,FW",eng ENG,55
465,Niclas Füllkrug,FW,de GER,55
466,Danny Ings,"FW,MF",eng ENG,55
467,Andy Irving,MF,sct SCO,55
468,Evan Ferguson,FW,ie IRL,55
469,Luis Guilherme,"MF,FW",br BRA,55
470,Lewis Orford,MF,eng ENG,55
471,Kaelan Casey,DF,eng ENG,55
472,Wes Foderingham,GK,eng ENG,55
473,Ezra Mayers,DF,bb BRB,55
474,Bruno Fernandes,MF,pt POR,33
475,André Onana,GK,cm CMR,33
476,Noussair Mazraoui,DF,ma MAR,33
477,Diogo Dalot,DF,pt POR,33
478,Matthijs de Ligt,DF,nl NED,33
479,Alejandro Garnacho,"MF,FW",ar ARG,33
480,Rasmus Højlund,FW,dk DEN,33
481,Manuel Ugarte,MF,uy URU,33
482,Amad Diallo,"MF,FW",ci CIV,33
483,Lisandro Martínez,DF,ar ARG,33
484,Harry Maguire,DF,eng ENG,33
485,Kobbie Mainoo,MF,eng ENG,33
486,Casemiro,MF,br BRA,33
487,Joshua Zirkzee,"FW,MF",nl NED,33
488,Leny Yoro,DF,fr FRA,33
489,Marcus Rashford,"FW,MF",eng ENG,33
490,Christian Eriksen,MF,dk DEN,33
491,Patrick Dorgu,DF,dk DEN,33
492,Mason Mount,MF,eng ENG,33
493,Victor Lindelöf,DF,se SWE,33
494,Altay Bayındır,GK,tr TUR,33
495,Luke Shaw,DF,eng ENG,33
496,Harry Amass,DF,eng ENG,33
497,Jonny Evans,DF,nir NIR,33
498,Ayden Heaven,DF,eng ENG,33
499,Tyler Fredricson,DF,eng ENG,33
500,Tyrell Malacia,DF,nl NED,33
501,Chidozie Obi-Martin,FW,dk DEN,33
502,Toby Collyer,MF,eng ENG,33
503,Antony,"DF,MF",br BRA,33
504,Scott McTominay,MF,sct SCO,33
505,Jayce Fitzgerald,MF,eng ENG,33
506,Jack Fletcher,MF,eng ENG,33
507,Hubert Graczyk,GK,pl POL,33
508,Elyh Harrison,GK,eng ENG,33
509,Tom Heaton,GK,eng ENG,33
510,Sekou Koné,MF,ml MLI,33
511,Godwill Kukonki,DF,eng ENG,33
512,Dermot Mee,GK,nir NIR,33
513,Jack Moorhouse,MF,eng ENG,33
514,Ethan Wheatley,FW,eng ENG,33
515,Rayan Aït-Nouri,DF,dz ALG,57
516,João Gomes,MF,br BRA,57
517,Nélson Semedo,DF,pt POR,57
518,André,MF,br BRA,57
519,Toti Gomes,DF,pt POR,57
520,Jørgen Strand Larsen,FW,no NOR,57
521,José Sá,GK,pt POR,57
522,Matheus Cunha,"MF,FW",br BRA,57
523,Matt Doherty,DF,ie IRL,57
524,Jean-Ricner Bellegarde,"MF,FW",ht HAI,57
525,Santiago Bueno,DF,uy URU,57
526,Emmanuel Agbadou,DF,ci CIV,57
527,Mario Lemina,"MF,DF",ga GAB,57
528,Marshall Munetsi,"MF,FW",zw ZIM,57
529,Gonçalo Guedes,"MF,FW",pt POR,57
530,Craig Dawson,DF,eng ENG,57
531,Pablo Sarabia,"MF,FW",es ESP,57
532,Rodrigo Gomes,"DF,FW",pt POR,57
533,Sam Johnstone,GK,eng ENG,57
534,Hwang Hee-chan,"MF,FW",kr KOR,57
535,Yerson Mosquera,DF,co COL,57
536,Tommy Doyle,MF,eng ENG,57
537,Daniel Bentley,GK,eng ENG,57
538,Carlos Forbs,"MF,FW",pt POR,57
539,Pedro Lima,DF,br BRA,57
540,Nasser Djiga,DF,bf BFA,57
541,Daniel Podence,"MF,FW",pt POR,57
542,Chiquinho,MF,pt POR,57
543,Mateus Mane,MF,Inconnu,57
544,Tom King,GK,wls WAL,57
545,Alfie Pond,DF,eng ENG,57
546,Boubacar Traoré,MF,ml MLI,57
547,Tawanda Chirewa,MF,zw ZIM,57
548,Luke Cundle,MF,eng ENG,57
549,Tom Edozie,MF,eng ENG,57
550,Bastien Meupiyou,DF,fr FRA,57
551,Wesley Okoduwa,FW,eng ENG,57
552,Pedro Porro,DF,es ESP,50
553,Dejan Kulusevski,"MF,FW",se SWE,50
554,Dominic Solanke,FW,eng ENG,50
555,Brennan Johnson,FW,wls WAL,50
556,Guglielmo Vicario,GK,it ITA,50
557,Son Heung-min,FW,kr KOR,50
558,Destiny Udogie,DF,it ITA,50
559,Pape Matar Sarr,MF,sn SEN,50
560,James Maddison,MF,eng ENG,50
561,Rodrigo Bentancur,MF,uy URU,50
562,Djed Spence,DF,eng ENG,50
563,Archie Gray,"DF,MF",eng ENG,50
564,Cristian Romero,DF,ar ARG,50
565,Yves Bissouma,MF,ml MLI,50
566,Ben Davies,DF,wls WAL,50
567,Radu Drăgușin,DF,ro ROU,50
568,Micky van de Ven,DF,nl NED,50
569,Lucas Bergvall,MF,se SWE,50
570,Mathys Tel,FW,fr FRA,50
571,Wilson Odobert,"FW,MF",fr FRA,50
572,Kevin Danso,DF,at AUT,50
573,Fraser Forster,GK,eng ENG,50
574,Antonín Kinský,GK,cz CZE,50
575,Timo Werner,"FW,MF",de GER,50
576,Richarlison,FW,br BRA,50
577,Mikey Moore,FW,eng ENG,50
578,Sergio Reguilón,DF,es ESP,50
579,Brandon Austin,GK,eng ENG,50
580,Dane Scarlett,"FW,MF",eng ENG,50
581,Alfie Dorrington,DF,eng ENG,50
582,Will Lankshear,"FW,MF",eng ENG,50
583,Oyindamola Ajayi,MF,eng ENG,50
584,Dante Cassanova,DF,jm JAM,50
585,Alfie Devine,MF,eng ENG,50
586,Malachi Hardy,DF,eng ENG,50
587,Maeson King,DF,eng ENG,50
588,Yang Minhyeok,MF,kr KOR,50
589,Callum Olusesi,MF,eng ENG,50
590,Alfie Whiteman,GK,eng ENG,50
591,Luca Williams Barnett,FW,eng ENG,50
592,Jamie Vardy,FW,eng ENG,28
593,James Justin,DF,eng ENG,28
594,Wout Faes,DF,be BEL,28
595,Victor Bernth Kristiansen,DF,dk DEN,28
596,Wilfred Ndidi,MF,ng NGA,28
597,Mads Hermansen,GK,dk DEN,28
598,Bilal El Khannouss,"MF,FW",ma MAR,28
599,Boubakary Soumaré,MF,fr FRA,28
600,Conor Coady,DF,eng ENG,28
601,Jordan Ayew,"FW,MF",gh GHA,28
602,Harry Winks,MF,eng ENG,28
603,Stephy Mavididi,FW,eng ENG,28
604,Jannik Vestergaard,DF,dk DEN,28
605,Facundo Buonanotte,"FW,MF",ar ARG,28
606,Luke Thomas,DF,eng ENG,28
607,Caleb Okoli,DF,it ITA,28
608,Oliver Skipp,MF,eng ENG,28
609,Jakub Stolarczyk,GK,pl POL,28
610,Kasey McAteer,FW,ie IRL,28
611,Bobby De Cordova-Reid,FW,jm JAM,28
612,Patson Daka,"FW,MF",zm ZAM,28
613,Abdul Fatawu Issahaku,FW,gh GHA,28
614,Ricardo Pereira,DF,pt POR,28
615,Danny Ward,GK,wls WAL,28
616,Hamza Choudhury,"MF,DF",bd BAN,28
617,Woyo Coulibaly,DF,ml MLI,28
618,Jeremy Monga,"FW,MF",Inconnu,28
619,Odsonne Édouard,FW,fr FRA,28
620,Jake Evans,FW,Inconnu,28
621,Olabade Aluko,DF,Inconnu,28
622,Will Alves,FW,eng ENG,28
623,Michael Golding,MF,eng ENG,28
624,Sammy Braybrooke,MF,eng ENG,28
625,Thomas Cannon,FW,ie IRL,28
626,Henry Cartwright,MF,eng ENG,28
627,Daniel Iversen,GK,dk DEN,28
628,Benjamin Nelson,DF,eng ENG,28
629,Thomas Wilson-Brown,DF,eng ENG,28
630,Dara O'Shea,DF,ie IRL,27
631,Leif Davis,DF,eng ENG,27
632,Liam Delap,FW,eng ENG,27
633,Sam Morsy,MF,eg EGY,27
634,Omari Hutchinson,"MF,FW",eng ENG,27
635,Jacob Greaves,DF,eng ENG,27
636,Jens Cajuste,MF,se SWE,27
637,Axel Tuanzebe,DF,cd COD,27
638,Arijanet Muric,GK,xk KVX,27
639,Cameron Burgess,DF,au AUS,27
640,Ben Johnson,"DF,FW",eng ENG,27
641,Kalvin Phillips,MF,eng ENG,27
642,Alex Palmer,GK,eng ENG,27
643,Sammie Szmodics,"FW,MF",ie IRL,27
644,Luke Woolfenden,DF,eng ENG,27
645,Jack Clarke,"FW,MF",eng ENG,27
646,Wes Burns,"FW,DF",wls WAL,27
647,Julio Enciso,"MF,FW",py PAR,27
648,Conor Chaplin,"MF,FW",eng ENG,27
649,Nathan Broadhead,"MF,FW",wls WAL,27
650,Christian Walton,GK,eng ENG,27
651,George Hirst,FW,sct SCO,27
652,Jaden Philogene Bidace,"FW,DF",eng ENG,27
653,Jack Taylor,MF,ie IRL,27
654,Harry Clarke,DF,eng ENG,27
655,Conor Townsend,DF,eng ENG,27
656,Chiedozie Ogbene,FW,ie IRL,27
657,Massimo Luongo,MF,au AUS,27
658,Ben Godfrey,DF,eng ENG,27
659,Ali Al Hamadi,FW,iq IRQ,27
660,Marcus Harness,MF,eng ENG,27
661,George Edmundson,DF,eng ENG,27
662,Somto Boniface,DF,eng ENG,27
663,Cieran Slicker,GK,sct SCO,27
664,Tom Taylor,MF,Inconnu,27
665,Mateus Fernandes,MF,pt POR,45
666,Kyle Walker-Peters,DF,eng ENG,45
667,Taylor Harwood-Bellis,DF,eng ENG,45
668,Aaron Ramsdale,GK,eng ENG,45
669,Jan Bednarek,DF,pl POL,45
670,Flynn Downes,MF,eng ENG,45
671,Joe Aribo,"MF,DF",ng NGA,45
672,Tyler Dibling,"FW,MF",eng ENG,45
673,Lesley Ugochukwu,MF,fr FRA,45
674,Ryan Manning,"DF,MF",ie IRL,45
675,Kamaldeen Sulemana,"FW,MF",gh GHA,45
676,Jack Stephens,DF,eng ENG,45
677,Yukinari Sugawara,"DF,MF",jp JPN,45
678,Adam Armstrong,"FW,MF",eng ENG,45
679,Cameron Archer,FW,eng ENG,45
680,James Bree,DF,eng ENG,45
681,Paul Onuachu,FW,ng NGA,45
682,Nathan Wood-Gordon,DF,eng ENG,45
683,William Smallbone,MF,ie IRL,45
684,Welington,DF,br BRA,45
685,Alex McCarthy,GK,eng ENG,45
686,Adam Lallana,MF,eng ENG,45
687,Ben Brereton,FW,cl CHI,45
688,Ross Stewart,FW,sct SCO,45
689,Ryan Fraser,"FW,DF",sct SCO,45
690,Charlie Taylor,DF,eng ENG,45
691,Joe Lumley,GK,eng ENG,45
692,Armel Bella Kotchap,DF,de GER,45
693,Albert Grønbaek,"FW,MF",dk DEN,45
694,Jay Robinson,"MF,FW",eng ENG,45
695,Maxwel Cornet,FW,ci CIV,45
696,Samuel Edozie,"DF,FW",eng ENG,45
697,Samuel Amo-Ameyaw,"FW,DF",eng ENG,45
698,Joachim Kayi Sanda,DF,fr FRA,45
699,Ronnie Edwards,DF,eng ENG,45
700,Carlos Alcaraz,MF,ar ARG,45
701,Jayden Moore,DF,Inconnu,45
702,Joe O'Brien-Whitmarsh,MF,ie IRL,45
